{"train/loss": 0.0001, "train/grad_norm": 0.0028766929171979427, "train/learning_rate": 2.7736660897245705e-06, "train/epoch": 75.96555965559655, "train/global_step": 7720, "_timestamp": 1729361153.074909, "_runtime": 80458.53208398819, "_step": 7719}