{"train/loss": 0.0125, "train/grad_norm": 0.5355417132377625, "train/learning_rate": 1.8829375063963274e-05, "train/epoch": 18.00557103064067, "train/global_step": 2424, "_timestamp": 1729255659.192258, "_runtime": 28452.96718788147, "_step": 2423}