{"train/loss": 0.0001, "train/grad_norm": 0.0014790295390412211, "train/learning_rate": 0.0, "train/epoch": 99.68051118210863, "train/global_step": 3900, "_timestamp": 1729338815.552969, "_runtime": 22173.012657880783, "_step": 3900, "train_runtime": 22176.0573, "train_samples_per_second": 90.287, "train_steps_per_second": 0.176, "total_flos": 9.92842694675923e+17, "train_loss": 0.034819242888940304, "_wandb": {"runtime": 22175}}