{"train/loss": 0.0001, "train/grad_norm": 0.0017167528858408332, "train/learning_rate": 0.0, "train/epoch": 99.3849938499385, "train/global_step": 10100, "_timestamp": 1729254217.4912064, "_runtime": 54353.56439638138, "_step": 10100, "train_runtime": 54355.3589, "train_samples_per_second": 95.67, "train_steps_per_second": 0.186, "total_flos": 2.3114714852873994e+18, "train_loss": 0.06927563768445061, "_wandb": {"runtime": 54356}}