{"train/loss": 0.0042, "train/grad_norm": 0.2948448657989502, "train/learning_rate": 1.8049792085089714e-05, "train/epoch": 22.53287197231834, "train/global_step": 407, "_timestamp": 1729226969.4404197, "_runtime": 4810.633443593979, "_step": 406}