{"train/loss": 2.0169, "train/grad_norm": 6.494390487670898, "train/learning_rate": 1.8518518518518519e-06, "train/epoch": 0.2768166089965398, "train/global_step": 5, "_timestamp": 1729222057.7377255, "_runtime": 86.65198254585266, "_step": 4}