{"train/loss": 0.0716, "train/grad_norm": 0.8391055464744568, "train/learning_rate": 1.993345056419085e-05, "train/epoch": 6.543130990415335, "train/global_step": 256, "_timestamp": 1729365500.8841498, "_runtime": 4246.782908678055, "_step": 255}