{"train/loss": 0.0189, "train/grad_norm": 0.9757185578346252, "train/learning_rate": 1.715853455274635e-05, "train/epoch": 26.740947075208915, "train/global_step": 3600, "_timestamp": 1729186641.6905649, "_runtime": 21323.73469376564, "_step": 3599}