{"train/loss": 0.0004, "train/grad_norm": 0.05949829891324043, "train/learning_rate": 1.2178919946230705e-05, "train/epoch": 44.575079872204476, "train/global_step": 1744, "_timestamp": 1729491438.5136385, "_runtime": 9801.813527584076, "_step": 1743}