{"train/loss": 0.0007, "train/grad_norm": 0.03462880477309227, "train/learning_rate": 0.0, "train/epoch": 99.65397923875433, "train/global_step": 1800, "_timestamp": 1729165162.1541314, "_runtime": 9455.967056512833, "_step": 1800, "train_runtime": 9458.0091, "train_samples_per_second": 97.706, "train_steps_per_second": 0.19, "total_flos": 4.247578543988408e+17, "train_loss": 0.07864582077981645, "_wandb": {"runtime": 9460}}