{"train/loss": 0.008, "train/grad_norm": 0.4251273274421692, "train/learning_rate": 1.9434220143728243e-05, "train/epoch": 13.39297124600639, "train/global_step": 524, "_timestamp": 1729257571.622672, "_runtime": 3280.053158044815, "_step": 523}