{"train/loss": 0.0, "train/grad_norm": 0.00011303357314318419, "train/learning_rate": 0.0, "train/epoch": 95.29780564263324, "train/global_step": 1900, "_timestamp": 1729199571.1131756, "_runtime": 12847.416875600815, "_step": 1900, "train_runtime": 12849.7005, "train_samples_per_second": 79.208, "train_steps_per_second": 0.148, "total_flos": 8.783818107010417e+17, "train_loss": 0.01610813366058557, "_wandb": {"runtime": 12851}}