{"train/loss": 0.0, "train/grad_norm": 0.00010470311826793477, "train/learning_rate": 0.0, "train/epoch": 95.29780564263324, "train/global_step": 1900, "_timestamp": 1729280338.6561532, "_runtime": 24572.417981147766, "_step": 1900, "train_runtime": 24574.3591, "train_samples_per_second": 41.417, "train_steps_per_second": 0.077, "total_flos": 1.797866119055278e+18, "train_loss": 0.014035602323683154, "_wandb": {"runtime": 24582}}