{"train/loss": 0.5575, "train/grad_norm": 0.9605270028114319, "train/learning_rate": 1.6752136752136753e-05, "train/epoch": 2.5047923322683707, "train/global_step": 98, "_timestamp": 1729492221.3881106, "_runtime": 663.1809997558594, "_step": 97}